renderer,slot,material,path,shader,baseTexture,baseColor,color,isWhiteNoTexture,isTextureAssigned
"Blender Indoor Scene/9999999999999",0,"Material #84_24160_lilToon","Assets/SceneExport/MaterialsLilToon/Material #84_24160_lilToon.mat","Universal Render Pipeline/Lit","Assets/SceneExport/Textures/077_贴图 _69_b2a0164d74.png","0.588 0.588 0.588 1.000","0.588 0.588 0.588 1.000",False,True
"Blender Indoor Scene/Aircraft_055",0,"_Aircraft_055_24386_lilToon","Assets/SceneExport/MaterialsLilToon/_Aircraft_055_24386_lilToon.mat","Universal Render Pipeline/Lit","","0.800 0.800 0.800 1.000","0.800 0.800 0.800 1.000",False,False
"Blender Indoor Scene/Arc004",0,"金属黑.001_24024_lilToon","Assets/SceneExport/MaterialsLilToon/金属黑.001_24024_lilToon.mat","Universal Render Pipeline/Lit","","0.050 0.045 0.070 1.000","0.050 0.045 0.070 1.000",False,False
"Blender Indoor Scene/Blender Bros Emissive Pack2.1_012",0,"_Blender Bros Emissive Pack2.1_012.001_23692_lilToon","Assets/SceneExport/MaterialsLilToon/_Blender Bros Emissive Pack2.1_012.001_23692_lilToon.mat","Universal Render Pipeline/Lit","","0.800 0.800 0.800 1.000","0.800 0.800 0.800 1.000",False,False
"Blender Indoor Scene/Box001",0,"材质.004_23796_lilToon","Assets/SceneExport/MaterialsLilToon/材质.004_23796_lilToon.mat","Universal Render Pipeline/Lit","","0.549 0.314 0.323 1.000","0.549 0.314 0.323 1.000",False,False
"Blender Indoor Scene/Box002",0,"材质.025_23720_lilToon","Assets/SceneExport/MaterialsLilToon/材质.025_23720_lilToon.mat","Universal Render Pipeline/Lit","Assets/SceneExport/Textures/053_贴图 _14_90bfdaaa22.jpg","0.642 0.460 0.254 1.000","0.642 0.460 0.254 1.000",False,True
"Blender Indoor Scene/Box002.001",0,"材质.031_24174_lilToon","Assets/SceneExport/MaterialsLilToon/材质.031_24174_lilToon.mat","Universal Render Pipeline/Lit","","0.800 0.717 0.500 1.000","0.800 0.717 0.500 1.000",False,False
"Blender Indoor Scene/Box003",0,"材质.012_23802_lilToon","Assets/SceneExport/MaterialsLilToon/材质.012_23802_lilToon.mat","Universal Render Pipeline/Lit","","0.254 0.245 0.356 1.000","0.254 0.245 0.356 1.000",False,False
"Blender Indoor Scene/Box011",0,"材质.012_23802_lilToon","Assets/SceneExport/MaterialsLilToon/材质.012_23802_lilToon.mat","Universal Render Pipeline/Lit","","0.254 0.245 0.356 1.000","0.254 0.245 0.356 1.000",False,False
"Blender Indoor Scene/Box014",0,"Material #72_24250_lilToon","Assets/SceneExport/MaterialsLilToon/Material #72_24250_lilToon.mat","Universal Render Pipeline/Lit","Assets/SceneExport/Textures/066_贴图 _50_4d5c19b69d.jpg","0.588 0.588 0.588 1.000","0.588 0.588 0.588 1.000",False,True
"Blender Indoor Scene/Box015",0,"Material #78_23742_lilToon","Assets/SceneExport/MaterialsLilToon/Material #78_23742_lilToon.mat","Universal Render Pipeline/Lit","Assets/SceneExport/Textures/070_贴图 _56_68f8e71f31.jpg","0.588 0.588 0.588 1.000","0.588 0.588 0.588 1.000",False,True
"Blender Indoor Scene/Box016",0,"Material #73_24200_lilToon","Assets/SceneExport/MaterialsLilToon/Material #73_24200_lilToon.mat","Universal Render Pipeline/Lit","Assets/SceneExport/Textures/067_贴图 _51_db9910b3cf.jpg","0.588 0.588 0.588 1.000","0.588 0.588 0.588 1.000",False,True
"Blender Indoor Scene/Box017",0,"材质.005_23728_lilToon","Assets/SceneExport/MaterialsLilToon/材质.005_23728_lilToon.mat","Universal Render Pipeline/Lit","","0.077 0.075 0.112 1.000","0.077 0.075 0.112 1.000",False,False
"Blender Indoor Scene/Box021.001",0,"材质.025_23720_lilToon","Assets/SceneExport/MaterialsLilToon/材质.025_23720_lilToon.mat","Universal Render Pipeline/Lit","Assets/SceneExport/Textures/053_贴图 _14_90bfdaaa22.jpg","0.642 0.460 0.254 1.000","0.642 0.460 0.254 1.000",False,True
"Blender Indoor Scene/Box023",0,"Material #70_24050_lilToon","Assets/SceneExport/MaterialsLilToon/Material #70_24050_lilToon.mat","Universal Render Pipeline/Lit","Assets/SceneExport/Textures/064_贴图 _48_abacd6fc86.jpg","0.588 0.588 0.588 1.000","0.588 0.588 0.588 1.000",False,True
"Blender Indoor Scene/Box024",0,"材质.024_23932_lilToon","Assets/SceneExport/MaterialsLilToon/材质.024_23932_lilToon.mat","Universal Render Pipeline/Lit","","0.140 0.232 0.380 1.000","0.140 0.232 0.380 1.000",False,False
"Blender Indoor Scene/Box034",0,"肌理_黑_23738_lilToon","Assets/SceneExport/MaterialsLilToon/肌理_黑_23738_lilToon.mat","Universal Render Pipeline/Lit","","0.050 0.104 0.359 1.000","0.050 0.104 0.359 1.000",False,False
"Blender Indoor Scene/Box034.001",0,"材质.003_24298_lilToon","Assets/SceneExport/MaterialsLilToon/材质.003_24298_lilToon.mat","Universal Render Pipeline/Lit","","0.492 0.800 0.267 1.000","0.492 0.800 0.267 1.000",False,False
"Blender Indoor Scene/Box034.002",0,"材质.021_23736_lilToon","Assets/SceneExport/MaterialsLilToon/材质.021_23736_lilToon.mat","Universal Render Pipeline/Lit","","0.800 0.312 0.323 1.000","0.800 0.312 0.323 1.000",False,False
"Blender Indoor Scene/Box034.003",0,"材质.012_23802_lilToon","Assets/SceneExport/MaterialsLilToon/材质.012_23802_lilToon.mat","Universal Render Pipeline/Lit","","0.254 0.245 0.356 1.000","0.254 0.245 0.356 1.000",False,False
"Blender Indoor Scene/Box036",0,"材质.021_23736_lilToon","Assets/SceneExport/MaterialsLilToon/材质.021_23736_lilToon.mat","Universal Render Pipeline/Lit","","0.800 0.312 0.323 1.000","0.800 0.312 0.323 1.000",False,False
"Blender Indoor Scene/Box039",0,"材质.012_23802_lilToon","Assets/SceneExport/MaterialsLilToon/材质.012_23802_lilToon.mat","Universal Render Pipeline/Lit","","0.254 0.245 0.356 1.000","0.254 0.245 0.356 1.000",False,False
"Blender Indoor Scene/Box040",0,"材质.018_24116_lilToon","Assets/SceneExport/MaterialsLilToon/材质.018_24116_lilToon.mat","Universal Render Pipeline/Lit","","0.800 0.057 0.029 1.000","0.800 0.057 0.029 1.000",False,False
"Blender Indoor Scene/Box042",0,"金属白_23690_lilToon","Assets/SceneExport/MaterialsLilToon/金属白_23690_lilToon.mat","Universal Render Pipeline/Lit","Assets/SceneExport/Textures/094_集成板3_2_ac7dda95dc.png","0.015 0.015 0.015 1.000","0.015 0.015 0.015 1.000",False,True
"Blender Indoor Scene/Box048",0,"Material #62_23918_lilToon","Assets/SceneExport/MaterialsLilToon/Material #62_23918_lilToon.mat","Universal Render Pipeline/Lit","Assets/SceneExport/Textures/058_贴图 _39_d35001f6fd.jpg","0.588 0.588 0.588 1.000","0.588 0.588 0.588 1.000",False,True
"Blender Indoor Scene/Box049",0,"Material #60_24170_lilToon","Assets/SceneExport/MaterialsLilToon/Material #60_24170_lilToon.mat","Universal Render Pipeline/Lit","Assets/SceneExport/Textures/057_贴图 _37_705846a2f9.jpg","0.588 0.588 0.588 1.000","0.588 0.588 0.588 1.000",False,True
"Blender Indoor Scene/Box051",0,"材质.012_23802_lilToon","Assets/SceneExport/MaterialsLilToon/材质.012_23802_lilToon.mat","Universal Render Pipeline/Lit","","0.254 0.245 0.356 1.000","0.254 0.245 0.356 1.000",False,False
"Blender Indoor Scene/Box051_original001",0,"Material #111_23860_lilToon","Assets/SceneExport/MaterialsLilToon/Material #111_23860_lilToon.mat","Universal Render Pipeline/Lit","Assets/SceneExport/Textures/092_贴图 _96_ffa79e945d.jpg","0.588 0.588 0.588 1.000","0.588 0.588 0.588 1.000",False,True
"Blender Indoor Scene/Box052",0,"肌理_黑_23738_lilToon","Assets/SceneExport/MaterialsLilToon/肌理_黑_23738_lilToon.mat","Universal Render Pipeline/Lit","","0.050 0.104 0.359 1.000","0.050 0.104 0.359 1.000",False,False
"Blender Indoor Scene/Box052.001",0,"肌理_黑_23738_lilToon","Assets/SceneExport/MaterialsLilToon/肌理_黑_23738_lilToon.mat","Universal Render Pipeline/Lit","","0.050 0.104 0.359 1.000","0.050 0.104 0.359 1.000",False,False
"Blender Indoor Scene/Box053",0,"材质.029_23800_lilToon","Assets/SceneExport/MaterialsLilToon/材质.029_23800_lilToon.mat","Universal Render Pipeline/Lit","","0.157 0.325 0.800 1.000","0.157 0.325 0.800 1.000",False,False
"Blender Indoor Scene/Box055",0,"Material #64_24054_lilToon","Assets/SceneExport/MaterialsLilToon/Material #64_24054_lilToon.mat","Universal Render Pipeline/Lit","Assets/SceneExport/Textures/060_贴图 _41_aca5b960e6.png","0.588 0.588 0.588 1.000","0.588 0.588 0.588 1.000",False,True
"Blender Indoor Scene/Box056",0,"材质.024_23932_lilToon","Assets/SceneExport/MaterialsLilToon/材质.024_23932_lilToon.mat","Universal Render Pipeline/Lit","","0.140 0.232 0.380 1.000","0.140 0.232 0.380 1.000",False,False
"Blender Indoor Scene/Box057",0,"Material #91_24236_lilToon","Assets/SceneExport/MaterialsLilToon/Material #91_24236_lilToon.mat","Universal Render Pipeline/Lit","Assets/SceneExport/Textures/088_贴图 _76_7c74a1e400.jpg","0.588 0.588 0.588 1.000","0.588 0.588 0.588 1.000",False,True
"Blender Indoor Scene/Box065",0,"材质.025_23720_lilToon","Assets/SceneExport/MaterialsLilToon/材质.025_23720_lilToon.mat","Universal Render Pipeline/Lit","Assets/SceneExport/Textures/053_贴图 _14_90bfdaaa22.jpg","0.642 0.460 0.254 1.000","0.642 0.460 0.254 1.000",False,True
"Blender Indoor Scene/Box068",0,"材质.029_23800_lilToon","Assets/SceneExport/MaterialsLilToon/材质.029_23800_lilToon.mat","Universal Render Pipeline/Lit","","0.157 0.325 0.800 1.000","0.157 0.325 0.800 1.000",False,False
"Blender Indoor Scene/Box084",0,"材质.024_23932_lilToon","Assets/SceneExport/MaterialsLilToon/材质.024_23932_lilToon.mat","Universal Render Pipeline/Lit","","0.140 0.232 0.380 1.000","0.140 0.232 0.380 1.000",False,False
"Blender Indoor Scene/Box086",0,"Material #65_24194_lilToon","Assets/SceneExport/MaterialsLilToon/Material #65_24194_lilToon.mat","Universal Render Pipeline/Lit","Assets/SceneExport/Textures/041_QQ图片20210220165817_4e73e43538.jpg","0.588 0.588 0.588 1.000","0.588 0.588 0.588 1.000",False,True
"Blender Indoor Scene/Box101",0,"Material #115_23812_lilToon","Assets/SceneExport/MaterialsLilToon/Material #115_23812_lilToon.mat","Universal Render Pipeline/Lit","Assets/SceneExport/Textures/046_贴图 _100_a26bebd4eb.jpg","0.588 0.588 0.588 1.000","0.588 0.588 0.588 1.000",False,True
"Blender Indoor Scene/Box106",0,"Material #79_24022_lilToon","Assets/SceneExport/MaterialsLilToon/Material #79_24022_lilToon.mat","Universal Render Pipeline/Lit","Assets/SceneExport/Textures/071_贴图 _57_e3d3b811e2.jpg","0.588 0.588 0.588 1.000","0.588 0.588 0.588 1.000",False,True
"Blender Indoor Scene/Box110",0,"Material #28_23836_lilToon","Assets/SceneExport/MaterialsLilToon/Material #28_23836_lilToon.mat","Universal Render Pipeline/Lit","Assets/SceneExport/Textures/059_贴图 _4_3ebe13a449.jpg","0.588 0.588 0.588 1.000","0.588 0.588 0.588 1.000",False,True
"Blender Indoor Scene/Box118",0,"肌理_黑_23738_lilToon","Assets/SceneExport/MaterialsLilToon/肌理_黑_23738_lilToon.mat","Universal Render Pipeline/Lit","","0.050 0.104 0.359 1.000","0.050 0.104 0.359 1.000",False,False
"Blender Indoor Scene/Box124",0,"材质.017_24020_lilToon","Assets/SceneExport/MaterialsLilToon/材质.017_24020_lilToon.mat","Universal Render Pipeline/Lit","","0.800 0.312 0.323 1.000","0.800 0.312 0.323 1.000",False,False
"Blender Indoor Scene/Box125",0,"材质.021_23736_lilToon","Assets/SceneExport/MaterialsLilToon/材质.021_23736_lilToon.mat","Universal Render Pipeline/Lit","","0.800 0.312 0.323 1.000","0.800 0.312 0.323 1.000",False,False
"Blender Indoor Scene/Box126",0,"材质.003_24298_lilToon","Assets/SceneExport/MaterialsLilToon/材质.003_24298_lilToon.mat","Universal Render Pipeline/Lit","","0.492 0.800 0.267 1.000","0.492 0.800 0.267 1.000",False,False
"Blender Indoor Scene/Box127",0,"材质.021_23736_lilToon","Assets/SceneExport/MaterialsLilToon/材质.021_23736_lilToon.mat","Universal Render Pipeline/Lit","","0.800 0.312 0.323 1.000","0.800 0.312 0.323 1.000",False,False
"Blender Indoor Scene/Box139",0,"Material #29_23952_lilToon","Assets/SceneExport/MaterialsLilToon/Material #29_23952_lilToon.mat","Universal Render Pipeline/Lit","Assets/SceneExport/Textures/065_贴图 _5_e43c065db5.jpg","0.588 0.588 0.588 1.000","0.588 0.588 0.588 1.000",False,True
"Blender Indoor Scene/Box140",0,"Material #43_24044_lilToon","Assets/SceneExport/MaterialsLilToon/Material #43_24044_lilToon.mat","Universal Render Pipeline/Lit","Assets/SceneExport/Textures/055_贴图 _20_e8330ef2b9.jpg","0.588 0.588 0.588 1.000","0.588 0.588 0.588 1.000",False,True
"Blender Indoor Scene/Box141",0,"Material #34_23886_lilToon","Assets/SceneExport/MaterialsLilToon/Material #34_23886_lilToon.mat","Universal Render Pipeline/Lit","Assets/SceneExport/Textures/045_贴图 _10_f7e8382c8f.jpg","0.588 0.588 0.588 1.000","0.588 0.588 0.588 1.000",False,True
"Blender Indoor Scene/Box142",0,"Material #28_23836_lilToon","Assets/SceneExport/MaterialsLilToon/Material #28_23836_lilToon.mat","Universal Render Pipeline/Lit","Assets/SceneExport/Textures/059_贴图 _4_3ebe13a449.jpg","0.588 0.588 0.588 1.000","0.588 0.588 0.588 1.000",False,True
"Blender Indoor Scene/Box145",0,"Material #29_23952_lilToon","Assets/SceneExport/MaterialsLilToon/Material #29_23952_lilToon.mat","Universal Render Pipeline/Lit","Assets/SceneExport/Textures/065_贴图 _5_e43c065db5.jpg","0.588 0.588 0.588 1.000","0.588 0.588 0.588 1.000",False,True
"Blender Indoor Scene/Box146",0,"Material #83_24122_lilToon","Assets/SceneExport/MaterialsLilToon/Material #83_24122_lilToon.mat","Universal Render Pipeline/Lit","Assets/SceneExport/Textures/076_贴图 _68_6e3d6af854.jpg","0.588 0.588 0.588 1.000","0.588 0.588 0.588 1.000",False,True
"Blender Indoor Scene/Box147",0,"Material #93_23730_lilToon","Assets/SceneExport/MaterialsLilToon/Material #93_23730_lilToon.mat","Universal Render Pipeline/Lit","Assets/SceneExport/Textures/089_贴图 _78_9c31fa4777.jpg","0.588 0.588 0.588 1.000","0.588 0.588 0.588 1.000",False,True
"Blender Indoor Scene/Box148",0,"Material #93_23730_lilToon","Assets/SceneExport/MaterialsLilToon/Material #93_23730_lilToon.mat","Universal Render Pipeline/Lit","Assets/SceneExport/Textures/089_贴图 _78_9c31fa4777.jpg","0.588 0.588 0.588 1.000","0.588 0.588 0.588 1.000",False,True
"Blender Indoor Scene/Box150",0,"材质.021_23736_lilToon","Assets/SceneExport/MaterialsLilToon/材质.021_23736_lilToon.mat","Universal Render Pipeline/Lit","","0.800 0.312 0.323 1.000","0.800 0.312 0.323 1.000",False,False
"Blender Indoor Scene/Box151",0,"材质.004_23796_lilToon","Assets/SceneExport/MaterialsLilToon/材质.004_23796_lilToon.mat","Universal Render Pipeline/Lit","","0.549 0.314 0.323 1.000","0.549 0.314 0.323 1.000",False,False
"Blender Indoor Scene/Box152",0,"Material #116_23740_lilToon","Assets/SceneExport/MaterialsLilToon/Material #116_23740_lilToon.mat","Universal Render Pipeline/Lit","Assets/SceneExport/Textures/047_贴图 _101_0aa1c9f79b.jpg","0.588 0.588 0.588 1.000","0.588 0.588 0.588 1.000",False,True
"Blender Indoor Scene/Box153",0,"Material #117_23928_lilToon","Assets/SceneExport/MaterialsLilToon/Material #117_23928_lilToon.mat","Universal Render Pipeline/Lit","Assets/SceneExport/Textures/048_贴图 _102_774281c164.jpg","0.588 0.588 0.588 1.000","0.588 0.588 0.588 1.000",False,True
"Blender Indoor Scene/Box154",0,"Material #118_23710_lilToon","Assets/SceneExport/MaterialsLilToon/Material #118_23710_lilToon.mat","Universal Render Pipeline/Lit","Assets/SceneExport/Textures/049_贴图 _103_734477ac84.jpg","0.588 0.588 0.588 1.000","0.588 0.588 0.588 1.000",False,True
"Blender Indoor Scene/Box155",0,"Material #119_24090_lilToon","Assets/SceneExport/MaterialsLilToon/Material #119_24090_lilToon.mat","Universal Render Pipeline/Lit","Assets/SceneExport/Textures/050_贴图 _104_d10737a8ce.jpg","0.588 0.588 0.588 1.000","0.588 0.588 0.588 1.000",False,True
"Blender Indoor Scene/Box156",0,"Material #119_24090_lilToon","Assets/SceneExport/MaterialsLilToon/Material #119_24090_lilToon.mat","Universal Render Pipeline/Lit","Assets/SceneExport/Textures/050_贴图 _104_d10737a8ce.jpg","0.588 0.588 0.588 1.000","0.588 0.588 0.588 1.000",False,True
"Blender Indoor Scene/Box157",0,"Material #115_23812_lilToon","Assets/SceneExport/MaterialsLilToon/Material #115_23812_lilToon.mat","Universal Render Pipeline/Lit","Assets/SceneExport/Textures/046_贴图 _100_a26bebd4eb.jpg","0.588 0.588 0.588 1.000","0.588 0.588 0.588 1.000",False,True
"Blender Indoor Scene/Box158",0,"Material #116_23740_lilToon","Assets/SceneExport/MaterialsLilToon/Material #116_23740_lilToon.mat","Universal Render Pipeline/Lit","Assets/SceneExport/Textures/047_贴图 _101_0aa1c9f79b.jpg","0.588 0.588 0.588 1.000","0.588 0.588 0.588 1.000",False,True
"Blender Indoor Scene/Box159",0,"Material #117_23928_lilToon","Assets/SceneExport/MaterialsLilToon/Material #117_23928_lilToon.mat","Universal Render Pipeline/Lit","Assets/SceneExport/Textures/048_贴图 _102_774281c164.jpg","0.588 0.588 0.588 1.000","0.588 0.588 0.588 1.000",False,True
"Blender Indoor Scene/Box160",0,"Material #118_23710_lilToon","Assets/SceneExport/MaterialsLilToon/Material #118_23710_lilToon.mat","Universal Render Pipeline/Lit","Assets/SceneExport/Textures/049_贴图 _103_734477ac84.jpg","0.588 0.588 0.588 1.000","0.588 0.588 0.588 1.000",False,True
"Blender Indoor Scene/Box161",0,"Material #119_24090_lilToon","Assets/SceneExport/MaterialsLilToon/Material #119_24090_lilToon.mat","Universal Render Pipeline/Lit","Assets/SceneExport/Textures/050_贴图 _104_d10737a8ce.jpg","0.588 0.588 0.588 1.000","0.588 0.588 0.588 1.000",False,True
"Blender Indoor Scene/Box163",0,"Material #115_23812_lilToon","Assets/SceneExport/MaterialsLilToon/Material #115_23812_lilToon.mat","Universal Render Pipeline/Lit","Assets/SceneExport/Textures/046_贴图 _100_a26bebd4eb.jpg","0.588 0.588 0.588 1.000","0.588 0.588 0.588 1.000",False,True
"Blender Indoor Scene/Box164",0,"Material #116_23740_lilToon","Assets/SceneExport/MaterialsLilToon/Material #116_23740_lilToon.mat","Universal Render Pipeline/Lit","Assets/SceneExport/Textures/047_贴图 _101_0aa1c9f79b.jpg","0.588 0.588 0.588 1.000","0.588 0.588 0.588 1.000",False,True
"Blender Indoor Scene/Box165",0,"Material #117_23928_lilToon","Assets/SceneExport/MaterialsLilToon/Material #117_23928_lilToon.mat","Universal Render Pipeline/Lit","Assets/SceneExport/Textures/048_贴图 _102_774281c164.jpg","0.588 0.588 0.588 1.000","0.588 0.588 0.588 1.000",False,True
"Blender Indoor Scene/Box166",0,"Material #118_23710_lilToon","Assets/SceneExport/MaterialsLilToon/Material #118_23710_lilToon.mat","Universal Render Pipeline/Lit","Assets/SceneExport/Textures/049_贴图 _103_734477ac84.jpg","0.588 0.588 0.588 1.000","0.588 0.588 0.588 1.000",False,True
"Blender Indoor Scene/Box167",0,"Material #119_24090_lilToon","Assets/SceneExport/MaterialsLilToon/Material #119_24090_lilToon.mat","Universal Render Pipeline/Lit","Assets/SceneExport/Textures/050_贴图 _104_d10737a8ce.jpg","0.588 0.588 0.588 1.000","0.588 0.588 0.588 1.000",False,True
"Blender Indoor Scene/Box168",0,"Material #119_24090_lilToon","Assets/SceneExport/MaterialsLilToon/Material #119_24090_lilToon.mat","Universal Render Pipeline/Lit","Assets/SceneExport/Textures/050_贴图 _104_d10737a8ce.jpg","0.588 0.588 0.588 1.000","0.588 0.588 0.588 1.000",False,True
"Blender Indoor Scene/ChamferBox002",0,"材质.002_23898_lilToon","Assets/SceneExport/MaterialsLilToon/材质.002_23898_lilToon.mat","Universal Render Pipeline/Lit","","0.156 0.150 0.216 1.000","0.156 0.150 0.216 1.000",False,False
"Blender Indoor Scene/ChamferBox004",0,"Material #62_23918_lilToon","Assets/SceneExport/MaterialsLilToon/Material #62_23918_lilToon.mat","Universal Render Pipeline/Lit","Assets/SceneExport/Textures/058_贴图 _39_d35001f6fd.jpg","0.588 0.588 0.588 1.000","0.588 0.588 0.588 1.000",False,True
"Blender Indoor Scene/ChamferBox006",0,"Material #62_23918_lilToon","Assets/SceneExport/MaterialsLilToon/Material #62_23918_lilToon.mat","Universal Render Pipeline/Lit","Assets/SceneExport/Textures/058_贴图 _39_d35001f6fd.jpg","0.588 0.588 0.588 1.000","0.588 0.588 0.588 1.000",False,True
"Blender Indoor Scene/ChamferBox007",0,"Material #66_24128_lilToon","Assets/SceneExport/MaterialsLilToon/Material #66_24128_lilToon.mat","Universal Render Pipeline/Lit","Assets/SceneExport/Textures/062_贴图 _44_ce2c795b98.jpg","0.588 0.588 0.588 1.000","0.588 0.588 0.588 1.000",False,True
"Blender Indoor Scene/Circle002",0,"材质.021_23736_lilToon","Assets/SceneExport/MaterialsLilToon/材质.021_23736_lilToon.mat","Universal Render Pipeline/Lit","","0.800 0.312 0.323 1.000","0.800 0.312 0.323 1.000",False,False
"Blender Indoor Scene/Cylinder001",0,"材质.005_23728_lilToon","Assets/SceneExport/MaterialsLilToon/材质.005_23728_lilToon.mat","Universal Render Pipeline/Lit","","0.077 0.075 0.112 1.000","0.077 0.075 0.112 1.000",False,False
"Blender Indoor Scene/Cylinder002",0,"材质.007_24208_lilToon","Assets/SceneExport/MaterialsLilToon/材质.007_24208_lilToon.mat","Universal Render Pipeline/Lit","","0.069 0.071 0.204 1.000","0.069 0.071 0.204 1.000",False,False
"Blender Indoor Scene/Cylinder003",0,"肌理_黑_23738_lilToon","Assets/SceneExport/MaterialsLilToon/肌理_黑_23738_lilToon.mat","Universal Render Pipeline/Lit","","0.050 0.104 0.359 1.000","0.050 0.104 0.359 1.000",False,False
"Blender Indoor Scene/Cylinder003.001",0,"肌理_黑_23738_lilToon","Assets/SceneExport/MaterialsLilToon/肌理_黑_23738_lilToon.mat","Universal Render Pipeline/Lit","","0.050 0.104 0.359 1.000","0.050 0.104 0.359 1.000",False,False
"Blender Indoor Scene/Cylinder004",0,"不锈钢_23792_lilToon","Assets/SceneExport/MaterialsLilToon/不锈钢_23792_lilToon.mat","Universal Render Pipeline/Lit","","0.780 0.790 1.000 1.000","0.780 0.790 1.000 1.000",False,False
"Blender Indoor Scene/Cylinder005",0,"不锈钢_23792_lilToon","Assets/SceneExport/MaterialsLilToon/不锈钢_23792_lilToon.mat","Universal Render Pipeline/Lit","","0.780 0.790 1.000 1.000","0.780 0.790 1.000 1.000",False,False
"Blender Indoor Scene/Cylinder007",0,"肌理_黑_23738_lilToon","Assets/SceneExport/MaterialsLilToon/肌理_黑_23738_lilToon.mat","Universal Render Pipeline/Lit","","0.050 0.104 0.359 1.000","0.050 0.104 0.359 1.000",False,False
"Blender Indoor Scene/Cylinder010",0,"材质.021_23736_lilToon","Assets/SceneExport/MaterialsLilToon/材质.021_23736_lilToon.mat","Universal Render Pipeline/Lit","","0.800 0.312 0.323 1.000","0.800 0.312 0.323 1.000",False,False
"Blender Indoor Scene/Example Sheet_019",0,"_Example Sheet_019.001_23850_lilToon","Assets/SceneExport/MaterialsLilToon/_Example Sheet_019.001_23850_lilToon.mat","Universal Render Pipeline/Lit","","0.800 0.800 0.800 1.000","0.800 0.800 0.800 1.000",False,False
"Blender Indoor Scene/Example Sheet_052",0,"_Example Sheet_052.002_23988_lilToon","Assets/SceneExport/MaterialsLilToon/_Example Sheet_052.002_23988_lilToon.mat","Universal Render Pipeline/Lit","","0.800 0.800 0.800 1.000","0.800 0.800 0.800 1.000",False,False
"Blender Indoor Scene/Examples_003",0,"_Examples_003.001_24092_lilToon","Assets/SceneExport/MaterialsLilToon/_Examples_003.001_24092_lilToon.mat","Universal Render Pipeline/Lit","","0.800 0.800 0.800 1.000","0.800 0.800 0.800 1.000",False,False
"Blender Indoor Scene/Examples_003.001",0,"_Examples_003.001_24092_lilToon","Assets/SceneExport/MaterialsLilToon/_Examples_003.001_24092_lilToon.mat","Universal Render Pipeline/Lit","","0.800 0.800 0.800 1.000","0.800 0.800 0.800 1.000",False,False
"Blender Indoor Scene/Examples_036",0,"_Examples_036.002_23798_lilToon","Assets/SceneExport/MaterialsLilToon/_Examples_036.002_23798_lilToon.mat","Universal Render Pipeline/Lit","","0.800 0.800 0.800 1.000","0.800 0.800 0.800 1.000",False,False
"Blender Indoor Scene/Group-371593-263/Obj3d66-371593-1-357",0,"材质.028_24352_lilToon","Assets/SceneExport/MaterialsLilToon/材质.028_24352_lilToon.mat","Universal Render Pipeline/Lit","","0.800 0.289 0.300 1.000","0.800 0.289 0.300 1.000",False,False
"Blender Indoor Scene/Group-371593-263/Obj3d66-371593-11-647",0,"材质.012_23802_lilToon","Assets/SceneExport/MaterialsLilToon/材质.012_23802_lilToon.mat","Universal Render Pipeline/Lit","","0.254 0.245 0.356 1.000","0.254 0.245 0.356 1.000",False,False
"Blender Indoor Scene/Group-371593-263/Obj3d66-371593-12-104",0,"Mat3d66-586052-20-16_24424_lilToon","Assets/SceneExport/MaterialsLilToon/Mat3d66-586052-20-16_24424_lilToon.mat","Universal Render Pipeline/Lit","","0.541 0.561 0.573 1.000","0.541 0.561 0.573 1.000",False,False
"Blender Indoor Scene/Group-371593-263/Obj3d66-371593-14-788",0,"Mat3d66-371593-12-724_24402_lilToon","Assets/SceneExport/MaterialsLilToon/Mat3d66-371593-12-724_24402_lilToon.mat","Universal Render Pipeline/Lit","","0.408 0.306 0.184 1.000","0.408 0.306 0.184 1.000",False,False
"Blender Indoor Scene/Group-371593-263/Obj3d66-371593-15-963",0,"Mat3d66-371593-12-724_24402_lilToon","Assets/SceneExport/MaterialsLilToon/Mat3d66-371593-12-724_24402_lilToon.mat","Universal Render Pipeline/Lit","","0.408 0.306 0.184 1.000","0.408 0.306 0.184 1.000",False,False
"Blender Indoor Scene/Group-371593-263/Obj3d66-371593-16-602",0,"Mat3d66-371593-12-724_24402_lilToon","Assets/SceneExport/MaterialsLilToon/Mat3d66-371593-12-724_24402_lilToon.mat","Universal Render Pipeline/Lit","","0.408 0.306 0.184 1.000","0.408 0.306 0.184 1.000",False,False
"Blender Indoor Scene/Group-371593-263/Obj3d66-371593-19-261",0,"肌理_黑_23738_lilToon","Assets/SceneExport/MaterialsLilToon/肌理_黑_23738_lilToon.mat","Universal Render Pipeline/Lit","","0.050 0.104 0.359 1.000","0.050 0.104 0.359 1.000",False,False
"Blender Indoor Scene/Group-371593-263/Obj3d66-371593-2-816",0,"Mat3d66-371593-12-724_24402_lilToon","Assets/SceneExport/MaterialsLilToon/Mat3d66-371593-12-724_24402_lilToon.mat","Universal Render Pipeline/Lit","","0.408 0.306 0.184 1.000","0.408 0.306 0.184 1.000",False,False
"Blender Indoor Scene/Group-371593-263/Obj3d66-371593-3-147",0,"Mat3d66-371593-12-724_24402_lilToon","Assets/SceneExport/MaterialsLilToon/Mat3d66-371593-12-724_24402_lilToon.mat","Universal Render Pipeline/Lit","","0.408 0.306 0.184 1.000","0.408 0.306 0.184 1.000",False,False
"Blender Indoor Scene/Group-371593-263/Obj3d66-371593-4-796",0,"Mat3d66-371593-12-724_24402_lilToon","Assets/SceneExport/MaterialsLilToon/Mat3d66-371593-12-724_24402_lilToon.mat","Universal Render Pipeline/Lit","","0.408 0.306 0.184 1.000","0.408 0.306 0.184 1.000",False,False
"Blender Indoor Scene/Group-586052-229/Obj3d66-586052-54-537",0,"Mat3d66-586052-20-16_24424_lilToon","Assets/SceneExport/MaterialsLilToon/Mat3d66-586052-20-16_24424_lilToon.mat","Universal Render Pipeline/Lit","","0.541 0.561 0.573 1.000","0.541 0.561 0.573 1.000",False,False
"Blender Indoor Scene/Group-586052-229/Obj3d66-586052-54-537",1,"Mat3d66-586052-19-368_24426_lilToon","Assets/SceneExport/MaterialsLilToon/Mat3d66-586052-19-368_24426_lilToon.mat","Universal Render Pipeline/Lit","","1.000 1.000 1.000 1.000","1.000 1.000 1.000 1.000",True,False
"Blender Indoor Scene/Group-586052-229/Obj3d66-586052-54-537",2,"材质.024_23932_lilToon","Assets/SceneExport/MaterialsLilToon/材质.024_23932_lilToon.mat","Universal Render Pipeline/Lit","","0.140 0.232 0.380 1.000","0.140 0.232 0.380 1.000",False,False
"Blender Indoor Scene/Group-586052-731/Group-586052-192/Group-586052-423/Obj3d66-586052-7-856.002",0,"肌理_黑_23738_lilToon","Assets/SceneExport/MaterialsLilToon/肌理_黑_23738_lilToon.mat","Universal Render Pipeline/Lit","","0.050 0.104 0.359 1.000","0.050 0.104 0.359 1.000",False,False
"Blender Indoor Scene/Group-586052-731/Group-586052-192/Group-586052-423/Obj3d66-586052-7-856.002",1,"Mat3d66-586052-23-90_24466_lilToon","Assets/SceneExport/MaterialsLilToon/Mat3d66-586052-23-90_24466_lilToon.mat","Universal Render Pipeline/Lit","","0.980 0.980 0.980 1.000","0.980 0.980 0.980 1.000",True,False
"Blender Indoor Scene/Line006.002",0,"材质.032_TransparentGlass_21764_lilToon","Assets/SceneExport/MaterialsLilToon/材质.032_TransparentGlass_21764_lilToon.mat","Universal Render Pipeline/Lit","","0.327 0.513 0.800 0.353","0.327 0.513 0.800 0.353",False,False
"Blender Indoor Scene/Line010",0,"材质.016_23770_lilToon","Assets/SceneExport/MaterialsLilToon/材质.016_23770_lilToon.mat","Universal Render Pipeline/Lit","","0.800 0.135 0.142 1.000","0.800 0.135 0.142 1.000",False,False
"Blender Indoor Scene/Line010.001",0,"材质.017_24020_lilToon","Assets/SceneExport/MaterialsLilToon/材质.017_24020_lilToon.mat","Universal Render Pipeline/Lit","","0.800 0.312 0.323 1.000","0.800 0.312 0.323 1.000",False,False
"Blender Indoor Scene/Line013.001",0,"材质.021_23736_lilToon","Assets/SceneExport/MaterialsLilToon/材质.021_23736_lilToon.mat","Universal Render Pipeline/Lit","","0.800 0.312 0.323 1.000","0.800 0.312 0.323 1.000",False,False
"Blender Indoor Scene/Line016.001",0,"No Name_23824_lilToon","Assets/SceneExport/MaterialsLilToon/No Name_23824_lilToon.mat","Universal Render Pipeline/Lit","","1.000 1.000 1.000 1.000","1.000 1.000 1.000 1.000",True,False
"Blender Indoor Scene/Line022",0,"金属白_23690_lilToon","Assets/SceneExport/MaterialsLilToon/金属白_23690_lilToon.mat","Universal Render Pipeline/Lit","Assets/SceneExport/Textures/094_集成板3_2_ac7dda95dc.png","0.015 0.015 0.015 1.000","0.015 0.015 0.015 1.000",False,True
"Blender Indoor Scene/Line098",0,"肌理_黑_23738_lilToon","Assets/SceneExport/MaterialsLilToon/肌理_黑_23738_lilToon.mat","Universal Render Pipeline/Lit","","0.050 0.104 0.359 1.000","0.050 0.104 0.359 1.000",False,False
"Blender Indoor Scene/Line104",0,"No Name_23824_lilToon","Assets/SceneExport/MaterialsLilToon/No Name_23824_lilToon.mat","Universal Render Pipeline/Lit","","1.000 1.000 1.000 1.000","1.000 1.000 1.000 1.000",True,False
"Blender Indoor Scene/Line106",0,"不锈钢_23792_lilToon","Assets/SceneExport/MaterialsLilToon/不锈钢_23792_lilToon.mat","Universal Render Pipeline/Lit","","0.780 0.790 1.000 1.000","0.780 0.790 1.000 1.000",False,False
"Blender Indoor Scene/Line109",0,"Blue_23772_lilToon","Assets/SceneExport/MaterialsLilToon/Blue_23772_lilToon.mat","Universal Render Pipeline/Lit","","0.075 0.479 0.940 1.000","0.075 0.479 0.940 1.000",False,False
"Blender Indoor Scene/Line109",1,"材质.021_23736_lilToon","Assets/SceneExport/MaterialsLilToon/材质.021_23736_lilToon.mat","Universal Render Pipeline/Lit","","0.800 0.312 0.323 1.000","0.800 0.312 0.323 1.000",False,False
"Blender Indoor Scene/Line109",2,"材质.003_24298_lilToon","Assets/SceneExport/MaterialsLilToon/材质.003_24298_lilToon.mat","Universal Render Pipeline/Lit","","0.492 0.800 0.267 1.000","0.492 0.800 0.267 1.000",False,False
"Blender Indoor Scene/Line109",3,"Material #80_24258_lilToon","Assets/SceneExport/MaterialsLilToon/Material #80_24258_lilToon.mat","Universal Render Pipeline/Lit","Assets/SceneExport/Textures/072_贴图 _58_82f5ea1501.jpg","0.588 0.588 0.588 1.000","0.588 0.588 0.588 1.000",False,True
"Blender Indoor Scene/Line109",4,"材质.032_24172_lilToon","Assets/SceneExport/MaterialsLilToon/材质.032_24172_lilToon.mat","Universal Render Pipeline/Lit","","0.327 0.513 0.800 0.353","0.327 0.513 0.800 0.353",False,False
"Blender Indoor Scene/Obj3d66-609108-49-561",0,"Mat3d66-609108-33-753_24108_lilToon","Assets/SceneExport/MaterialsLilToon/Mat3d66-609108-33-753_24108_lilToon.mat","Universal Render Pipeline/Lit","","0.006 0.263 0.020 1.000","0.006 0.263 0.020 1.000",False,False
"Blender Indoor Scene/Obj3d66-609108-49-561",1,"Mat3d66-609108-34-482_24110_lilToon","Assets/SceneExport/MaterialsLilToon/Mat3d66-609108-34-482_24110_lilToon.mat","Universal Render Pipeline/Lit","","0.098 0.035 0.035 1.000","0.098 0.035 0.035 1.000",False,False
"Blender Indoor Scene/Obj3d66-609108-49-561",2,"Mat3d66-609108-35-511_24112_lilToon","Assets/SceneExport/MaterialsLilToon/Mat3d66-609108-35-511_24112_lilToon.mat","Universal Render Pipeline/Lit","","0.500 0.500 0.500 1.000","0.500 0.500 0.500 1.000",False,False
"Blender Indoor Scene/Obj3d66-609108-49-561",3,"Mat3d66-609108-36-104_24114_lilToon","Assets/SceneExport/MaterialsLilToon/Mat3d66-609108-36-104_24114_lilToon.mat","Universal Render Pipeline/Lit","","0.125 0.247 0.047 1.000","0.125 0.247 0.047 1.000",False,False
"Blender Indoor Scene/Rectangle001",0,"材质.021_23736_lilToon","Assets/SceneExport/MaterialsLilToon/材质.021_23736_lilToon.mat","Universal Render Pipeline/Lit","","0.800 0.312 0.323 1.000","0.800 0.312 0.323 1.000",False,False
"Blender Indoor Scene/Rectangle004",0,"材质.012_23802_lilToon","Assets/SceneExport/MaterialsLilToon/材质.012_23802_lilToon.mat","Universal Render Pipeline/Lit","","0.254 0.245 0.356 1.000","0.254 0.245 0.356 1.000",False,False
"Blender Indoor Scene/Rectangle006",0,"材质.010_TransparentGlass_21754_lilToon","Assets/SceneExport/MaterialsLilToon/材质.010_TransparentGlass_21754_lilToon.mat","Universal Render Pipeline/Lit","","0.948 0.944 1.000 0.550","0.948 0.944 1.000 0.550",False,False
"Blender Indoor Scene/Rectangle007",0,"材质.012_23802_lilToon","Assets/SceneExport/MaterialsLilToon/材质.012_23802_lilToon.mat","Universal Render Pipeline/Lit","","0.254 0.245 0.356 1.000","0.254 0.245 0.356 1.000",False,False
"Blender Indoor Scene/Sphere002",0,"材质.016_23770_lilToon","Assets/SceneExport/MaterialsLilToon/材质.016_23770_lilToon.mat","Universal Render Pipeline/Lit","","0.800 0.135 0.142 1.000","0.800 0.135 0.142 1.000",False,False
"Blender Indoor Scene/Sphere003",0,"材质.016_23770_lilToon","Assets/SceneExport/MaterialsLilToon/材质.016_23770_lilToon.mat","Universal Render Pipeline/Lit","","0.800 0.135 0.142 1.000","0.800 0.135 0.142 1.000",False,False
"Blender Indoor Scene/Sphere004",0,"No Name_23824_lilToon","Assets/SceneExport/MaterialsLilToon/No Name_23824_lilToon.mat","Universal Render Pipeline/Lit","","1.000 1.000 1.000 1.000","1.000 1.000 1.000 1.000",True,False
"Blender Indoor Scene/Sphere005",0,"Material #62_23918_lilToon","Assets/SceneExport/MaterialsLilToon/Material #62_23918_lilToon.mat","Universal Render Pipeline/Lit","Assets/SceneExport/Textures/058_贴图 _39_d35001f6fd.jpg","0.588 0.588 0.588 1.000","0.588 0.588 0.588 1.000",False,True
"Blender Indoor Scene/Sphere006",0,"不锈钢_23792_lilToon","Assets/SceneExport/MaterialsLilToon/不锈钢_23792_lilToon.mat","Universal Render Pipeline/Lit","","0.780 0.790 1.000 1.000","0.780 0.790 1.000 1.000",False,False
"Blender Indoor Scene/Sphere008",0,"材质.020_23732_lilToon","Assets/SceneExport/MaterialsLilToon/材质.020_23732_lilToon.mat","Universal Render Pipeline/Lit","","0.488 0.352 0.219 1.000","0.488 0.352 0.219 1.000",False,False
"Blender Indoor Scene/Sphere008.001",0,"材质.020_23732_lilToon","Assets/SceneExport/MaterialsLilToon/材质.020_23732_lilToon.mat","Universal Render Pipeline/Lit","","0.488 0.352 0.219 1.000","0.488 0.352 0.219 1.000",False,False
"Blender Indoor Scene/图形011",0,"材质.016_23770_lilToon","Assets/SceneExport/MaterialsLilToon/材质.016_23770_lilToon.mat","Universal Render Pipeline/Lit","","0.800 0.135 0.142 1.000","0.800 0.135 0.142 1.000",False,False
"Blender Indoor Scene/图形019",0,"Dull_white_23950_lilToon","Assets/SceneExport/MaterialsLilToon/Dull_white_23950_lilToon.mat","Universal Render Pipeline/Lit","","1.000 1.000 1.000 0.380","1.000 1.000 1.000 0.380",False,False
"Blender Indoor Scene/对象003",0,"材质.012_23802_lilToon","Assets/SceneExport/MaterialsLilToon/材质.012_23802_lilToon.mat","Universal Render Pipeline/Lit","","0.254 0.245 0.356 1.000","0.254 0.245 0.356 1.000",False,False
"Blender Indoor Scene/对象004",0,"材质.035_23714_lilToon","Assets/SceneExport/MaterialsLilToon/材质.035_23714_lilToon.mat","Universal Render Pipeline/Lit","","0.098 0.268 0.800 1.000","0.098 0.268 0.800 1.000",False,False
"Blender Indoor Scene/对象005",0,"材质.012_23802_lilToon","Assets/SceneExport/MaterialsLilToon/材质.012_23802_lilToon.mat","Universal Render Pipeline/Lit","","0.254 0.245 0.356 1.000","0.254 0.245 0.356 1.000",False,False
"Blender Indoor Scene/对象006",0,"材质.012_23802_lilToon","Assets/SceneExport/MaterialsLilToon/材质.012_23802_lilToon.mat","Universal Render Pipeline/Lit","","0.254 0.245 0.356 1.000","0.254 0.245 0.356 1.000",False,False
"Blender Indoor Scene/对象009",0,"材质.012_23802_lilToon","Assets/SceneExport/MaterialsLilToon/材质.012_23802_lilToon.mat","Universal Render Pipeline/Lit","","0.254 0.245 0.356 1.000","0.254 0.245 0.356 1.000",False,False
"Blender Indoor Scene/对象010",0,"01 - Default.005_TransparentGlass_21756_lilToon","Assets/SceneExport/MaterialsLilToon/01 - Default.005_TransparentGlass_21756_lilToon.mat","Universal Render Pipeline/Lit","","0.032 0.091 0.180 0.261","0.032 0.091 0.180 0.261",False,False
"Blender Indoor Scene/对象039",0,"01 - Default.005_TransparentGlass_21756_lilToon","Assets/SceneExport/MaterialsLilToon/01 - Default.005_TransparentGlass_21756_lilToon.mat","Universal Render Pipeline/Lit","","0.032 0.091 0.180 0.261","0.032 0.091 0.180 0.261",False,False
"Blender Indoor Scene/对象039",1,"Material #40_24182_lilToon","Assets/SceneExport/MaterialsLilToon/Material #40_24182_lilToon.mat","Universal Render Pipeline/Lit","Assets/SceneExport/Textures/053_贴图 _14_90bfdaaa22.jpg","0.588 0.588 0.588 1.000","0.588 0.588 0.588 1.000",False,True
"Blender Indoor Scene/对象039",2,"材质.012_23802_lilToon","Assets/SceneExport/MaterialsLilToon/材质.012_23802_lilToon.mat","Universal Render Pipeline/Lit","","0.254 0.245 0.356 1.000","0.254 0.245 0.356 1.000",False,False
"Blender Indoor Scene/对象039",3,"Material #41_24184_lilToon","Assets/SceneExport/MaterialsLilToon/Material #41_24184_lilToon.mat","Universal Render Pipeline/Lit","Assets/SceneExport/Textures/054_贴图 _17_4b388e7741.jpg","0.588 0.588 0.588 1.000","0.588 0.588 0.588 1.000",False,True
"Blender Indoor Scene/对象039",4,"Material #81_24186_lilToon","Assets/SceneExport/MaterialsLilToon/Material #81_24186_lilToon.mat","Universal Render Pipeline/Lit","Assets/SceneExport/Textures/075_贴图 _66_8b3a5c12c9.jpg","0.588 0.588 0.588 1.000","0.588 0.588 0.588 1.000",False,True
"Blender Indoor Scene/对象045",0,"材质.036_24314_lilToon","Assets/SceneExport/MaterialsLilToon/材质.036_24314_lilToon.mat","Universal Render Pipeline/Lit","","0.079 0.146 0.352 1.000","0.079 0.146 0.352 1.000",False,False
"Blender Indoor Scene/对象046",0,"Material #82_24296_lilToon","Assets/SceneExport/MaterialsLilToon/Material #82_24296_lilToon.mat","Universal Render Pipeline/Lit","Assets/SceneExport/Textures/042_QQ图片20210220170413_e9669fb64f.jpg","0.588 0.588 0.588 1.000","0.588 0.588 0.588 1.000",False,True
"Blender Indoor Scene/对象047",0,"Material #36_23784_lilToon","Assets/SceneExport/MaterialsLilToon/Material #36_23784_lilToon.mat","Universal Render Pipeline/Lit","Assets/SceneExport/Textures/051_贴图 _12_e4c1c2a8a8.jpg","0.588 0.588 0.588 1.000","0.588 0.588 0.588 1.000",False,True
"Blender Indoor Scene/对象048",0,"Material #37_23960_lilToon","Assets/SceneExport/MaterialsLilToon/Material #37_23960_lilToon.mat","Universal Render Pipeline/Lit","Assets/SceneExport/Textures/052_贴图 _13_18ce5e7c89.jpg","0.588 0.588 0.588 1.000","0.588 0.588 0.588 1.000",False,True
"Blender Indoor Scene/对象049",0,"材质.005_23728_lilToon","Assets/SceneExport/MaterialsLilToon/材质.005_23728_lilToon.mat","Universal Render Pipeline/Lit","","0.077 0.075 0.112 1.000","0.077 0.075 0.112 1.000",False,False
"Blender Indoor Scene/对象050",0,"金属黑.002_23920_lilToon","Assets/SceneExport/MaterialsLilToon/金属黑.002_23920_lilToon.mat","Universal Render Pipeline/Lit","","0.050 0.045 0.070 1.000","0.050 0.045 0.070 1.000",False,False
"Blender Indoor Scene/对象051",0,"不锈钢_23792_lilToon","Assets/SceneExport/MaterialsLilToon/不锈钢_23792_lilToon.mat","Universal Render Pipeline/Lit","","0.780 0.790 1.000 1.000","0.780 0.790 1.000 1.000",False,False
"Blender Indoor Scene/对象060",0,"Shiny_white_24026_lilToon","Assets/SceneExport/MaterialsLilToon/Shiny_white_24026_lilToon.mat","Universal Render Pipeline/Lit","","1.000 1.000 1.000 1.000","1.000 1.000 1.000 1.000",True,False
"Blender Indoor Scene/对象060",1,"黑缝隙_24028_lilToon","Assets/SceneExport/MaterialsLilToon/黑缝隙_24028_lilToon.mat","Universal Render Pipeline/Lit","","0.000 0.000 0.000 1.000","0.000 0.000 0.000 1.000",False,False
"Blender Indoor Scene/对象060",2,"金属黑.002_23920_lilToon","Assets/SceneExport/MaterialsLilToon/金属黑.002_23920_lilToon.mat","Universal Render Pipeline/Lit","","0.050 0.045 0.070 1.000","0.050 0.045 0.070 1.000",False,False
"Blender Indoor Scene/对象064",0,"金属黑.002_23920_lilToon","Assets/SceneExport/MaterialsLilToon/金属黑.002_23920_lilToon.mat","Universal Render Pipeline/Lit","","0.050 0.045 0.070 1.000","0.050 0.045 0.070 1.000",False,False
"Blender Indoor Scene/对象064",1,"材质.033_23986_lilToon","Assets/SceneExport/MaterialsLilToon/材质.033_23986_lilToon.mat","Universal Render Pipeline/Lit","","0.800 0.109 0.047 1.000","0.800 0.109 0.047 1.000",False,False
"Blender Indoor Scene/对象064",2,"金属白_23690_lilToon","Assets/SceneExport/MaterialsLilToon/金属白_23690_lilToon.mat","Universal Render Pipeline/Lit","Assets/SceneExport/Textures/094_集成板3_2_ac7dda95dc.png","0.015 0.015 0.015 1.000","0.015 0.015 0.015 1.000",False,True
"Blender Indoor Scene/对象067",0,"材质.009_23774_lilToon","Assets/SceneExport/MaterialsLilToon/材质.009_23774_lilToon.mat","Universal Render Pipeline/Lit","","0.166 0.127 0.105 1.000","0.166 0.127 0.105 1.000",False,False
"Blender Indoor Scene/对象068",0,"不锈钢_23792_lilToon","Assets/SceneExport/MaterialsLilToon/不锈钢_23792_lilToon.mat","Universal Render Pipeline/Lit","","0.780 0.790 1.000 1.000","0.780 0.790 1.000 1.000",False,False
"Blender Indoor Scene/对象069",0,"材质.021_23736_lilToon","Assets/SceneExport/MaterialsLilToon/材质.021_23736_lilToon.mat","Universal Render Pipeline/Lit","","0.800 0.312 0.323 1.000","0.800 0.312 0.323 1.000",False,False
"Blender Indoor Scene/对象069.001",0,"不锈钢_23792_lilToon","Assets/SceneExport/MaterialsLilToon/不锈钢_23792_lilToon.mat","Universal Render Pipeline/Lit","","0.780 0.790 1.000 1.000","0.780 0.790 1.000 1.000",False,False
"Blender Indoor Scene/对象070",0,"不锈钢_23792_lilToon","Assets/SceneExport/MaterialsLilToon/不锈钢_23792_lilToon.mat","Universal Render Pipeline/Lit","","0.780 0.790 1.000 1.000","0.780 0.790 1.000 1.000",False,False
"Blender Indoor Scene/对象071",0,"不锈钢_23792_lilToon","Assets/SceneExport/MaterialsLilToon/不锈钢_23792_lilToon.mat","Universal Render Pipeline/Lit","","0.780 0.790 1.000 1.000","0.780 0.790 1.000 1.000",False,False
"Blender Indoor Scene/对象072",0,"材质.008_24038_lilToon","Assets/SceneExport/MaterialsLilToon/材质.008_24038_lilToon.mat","Universal Render Pipeline/Lit","","0.209 0.134 0.134 1.000","0.209 0.134 0.134 1.000",False,False
"Blender Indoor Scene/对象073",0,"肌理_黑_23738_lilToon","Assets/SceneExport/MaterialsLilToon/肌理_黑_23738_lilToon.mat","Universal Render Pipeline/Lit","","0.050 0.104 0.359 1.000","0.050 0.104 0.359 1.000",False,False
"Blender Indoor Scene/对象073.001",0,"肌理_黑_23738_lilToon","Assets/SceneExport/MaterialsLilToon/肌理_黑_23738_lilToon.mat","Universal Render Pipeline/Lit","","0.050 0.104 0.359 1.000","0.050 0.104 0.359 1.000",False,False
"Blender Indoor Scene/对象074",0,"材质.009_23774_lilToon","Assets/SceneExport/MaterialsLilToon/材质.009_23774_lilToon.mat","Universal Render Pipeline/Lit","","0.166 0.127 0.105 1.000","0.166 0.127 0.105 1.000",False,False
"Blender Indoor Scene/对象075",0,"肌理_黑_23738_lilToon","Assets/SceneExport/MaterialsLilToon/肌理_黑_23738_lilToon.mat","Universal Render Pipeline/Lit","","0.050 0.104 0.359 1.000","0.050 0.104 0.359 1.000",False,False
"Blender Indoor Scene/对象077",0,"材质.027_24344_lilToon","Assets/SceneExport/MaterialsLilToon/材质.027_24344_lilToon.mat","Universal Render Pipeline/Lit","","0.223 0.519 0.800 1.000","0.223 0.519 0.800 1.000",False,False
"Blender Indoor Scene/对象078",0,"肌理_黑_23738_lilToon","Assets/SceneExport/MaterialsLilToon/肌理_黑_23738_lilToon.mat","Universal Render Pipeline/Lit","","0.050 0.104 0.359 1.000","0.050 0.104 0.359 1.000",False,False
"Blender Indoor Scene/对象079",0,"材质.027_24344_lilToon","Assets/SceneExport/MaterialsLilToon/材质.027_24344_lilToon.mat","Universal Render Pipeline/Lit","","0.223 0.519 0.800 1.000","0.223 0.519 0.800 1.000",False,False
"Blender Indoor Scene/对象080",0,"材质.028_24352_lilToon","Assets/SceneExport/MaterialsLilToon/材质.028_24352_lilToon.mat","Universal Render Pipeline/Lit","","0.800 0.289 0.300 1.000","0.800 0.289 0.300 1.000",False,False
"Blender Indoor Scene/对象082",0,"材质.028_24352_lilToon","Assets/SceneExport/MaterialsLilToon/材质.028_24352_lilToon.mat","Universal Render Pipeline/Lit","","0.800 0.289 0.300 1.000","0.800 0.289 0.300 1.000",False,False
"Blender Indoor Scene/对象084",0,"不锈钢_23792_lilToon","Assets/SceneExport/MaterialsLilToon/不锈钢_23792_lilToon.mat","Universal Render Pipeline/Lit","","0.780 0.790 1.000 1.000","0.780 0.790 1.000 1.000",False,False
"Blender Indoor Scene/对象084",1,"肌理_黑_23738_lilToon","Assets/SceneExport/MaterialsLilToon/肌理_黑_23738_lilToon.mat","Universal Render Pipeline/Lit","","0.050 0.104 0.359 1.000","0.050 0.104 0.359 1.000",False,False
"Blender Indoor Scene/对象084",2,"材质.015_24072_lilToon","Assets/SceneExport/MaterialsLilToon/材质.015_24072_lilToon.mat","Universal Render Pipeline/Lit","","0.017 0.017 0.017 1.000","0.017 0.017 0.017 1.000",False,False
"Blender Indoor Scene/对象085",0,"材质.021_23736_lilToon","Assets/SceneExport/MaterialsLilToon/材质.021_23736_lilToon.mat","Universal Render Pipeline/Lit","","0.800 0.312 0.323 1.000","0.800 0.312 0.323 1.000",False,False
"Blender Indoor Scene/对象086",0,"材质.012_23802_lilToon","Assets/SceneExport/MaterialsLilToon/材质.012_23802_lilToon.mat","Universal Render Pipeline/Lit","","0.254 0.245 0.356 1.000","0.254 0.245 0.356 1.000",False,False
"Blender Indoor Scene/对象087",0,"材质.012_23802_lilToon","Assets/SceneExport/MaterialsLilToon/材质.012_23802_lilToon.mat","Universal Render Pipeline/Lit","","0.254 0.245 0.356 1.000","0.254 0.245 0.356 1.000",False,False
"Blender Indoor Scene/对象088",0,"不锈钢_23792_lilToon","Assets/SceneExport/MaterialsLilToon/不锈钢_23792_lilToon.mat","Universal Render Pipeline/Lit","","0.780 0.790 1.000 1.000","0.780 0.790 1.000 1.000",False,False
"Blender Indoor Scene/对象089",0,"材质.004_23796_lilToon","Assets/SceneExport/MaterialsLilToon/材质.004_23796_lilToon.mat","Universal Render Pipeline/Lit","","0.549 0.314 0.323 1.000","0.549 0.314 0.323 1.000",False,False
"Blender Indoor Scene/对象090",0,"不锈钢_23792_lilToon","Assets/SceneExport/MaterialsLilToon/不锈钢_23792_lilToon.mat","Universal Render Pipeline/Lit","","0.780 0.790 1.000 1.000","0.780 0.790 1.000 1.000",False,False
"Blender Indoor Scene/对象091",0,"黑缝隙.002_23768_lilToon","Assets/SceneExport/MaterialsLilToon/黑缝隙.002_23768_lilToon.mat","Universal Render Pipeline/Lit","","0.000 0.000 0.000 1.000","0.000 0.000 0.000 1.000",False,False
"Blender Indoor Scene/对象092",0,"不锈钢_23792_lilToon","Assets/SceneExport/MaterialsLilToon/不锈钢_23792_lilToon.mat","Universal Render Pipeline/Lit","","0.780 0.790 1.000 1.000","0.780 0.790 1.000 1.000",False,False
"Blender Indoor Scene/对象093",0,"材质.017_24020_lilToon","Assets/SceneExport/MaterialsLilToon/材质.017_24020_lilToon.mat","Universal Render Pipeline/Lit","","0.800 0.312 0.323 1.000","0.800 0.312 0.323 1.000",False,False
"Blender Indoor Scene/对象094",0,"材质.017_24020_lilToon","Assets/SceneExport/MaterialsLilToon/材质.017_24020_lilToon.mat","Universal Render Pipeline/Lit","","0.800 0.312 0.323 1.000","0.800 0.312 0.323 1.000",False,False
"Blender Indoor Scene/对象095",0,"材质.018_24116_lilToon","Assets/SceneExport/MaterialsLilToon/材质.018_24116_lilToon.mat","Universal Render Pipeline/Lit","","0.800 0.057 0.029 1.000","0.800 0.057 0.029 1.000",False,False
"Blender Indoor Scene/对象096",0,"材质.024_23932_lilToon","Assets/SceneExport/MaterialsLilToon/材质.024_23932_lilToon.mat","Universal Render Pipeline/Lit","","0.140 0.232 0.380 1.000","0.140 0.232 0.380 1.000",False,False
"Blender Indoor Scene/对象097",0,"材质.024_23932_lilToon","Assets/SceneExport/MaterialsLilToon/材质.024_23932_lilToon.mat","Universal Render Pipeline/Lit","","0.140 0.232 0.380 1.000","0.140 0.232 0.380 1.000",False,False
"Blender Indoor Scene/对象098",0,"材质.012_23802_lilToon","Assets/SceneExport/MaterialsLilToon/材质.012_23802_lilToon.mat","Universal Render Pipeline/Lit","","0.254 0.245 0.356 1.000","0.254 0.245 0.356 1.000",False,False
"Blender Indoor Scene/对象099",0,"材质.021_23736_lilToon","Assets/SceneExport/MaterialsLilToon/材质.021_23736_lilToon.mat","Universal Render Pipeline/Lit","","0.800 0.312 0.323 1.000","0.800 0.312 0.323 1.000",False,False
"Blender Indoor Scene/对象100",0,"材质.012_23802_lilToon","Assets/SceneExport/MaterialsLilToon/材质.012_23802_lilToon.mat","Universal Render Pipeline/Lit","","0.254 0.245 0.356 1.000","0.254 0.245 0.356 1.000",False,False
"Blender Indoor Scene/对象101",0,"材质.018_24116_lilToon","Assets/SceneExport/MaterialsLilToon/材质.018_24116_lilToon.mat","Universal Render Pipeline/Lit","","0.800 0.057 0.029 1.000","0.800 0.057 0.029 1.000",False,False
"Blender Indoor Scene/对象102",0,"材质.021_23736_lilToon","Assets/SceneExport/MaterialsLilToon/材质.021_23736_lilToon.mat","Universal Render Pipeline/Lit","","0.800 0.312 0.323 1.000","0.800 0.312 0.323 1.000",False,False
"Blender Indoor Scene/对象103",0,"自发光_蓝光_23958_lilToon","Assets/SceneExport/MaterialsLilToon/自发光_蓝光_23958_lilToon.mat","Universal Render Pipeline/Lit","","0.000 0.109 0.800 1.000","0.000 0.109 0.800 1.000",False,False
"Blender Indoor Scene/对象104",0,"金属黑.001_24024_lilToon","Assets/SceneExport/MaterialsLilToon/金属黑.001_24024_lilToon.mat","Universal Render Pipeline/Lit","","0.050 0.045 0.070 1.000","0.050 0.045 0.070 1.000",False,False
"Blender Indoor Scene/对象105",0,"肌理_黑_23738_lilToon","Assets/SceneExport/MaterialsLilToon/肌理_黑_23738_lilToon.mat","Universal Render Pipeline/Lit","","0.050 0.104 0.359 1.000","0.050 0.104 0.359 1.000",False,False
"Blender Indoor Scene/对象106",0,"No Name_23824_lilToon","Assets/SceneExport/MaterialsLilToon/No Name_23824_lilToon.mat","Universal Render Pipeline/Lit","","1.000 1.000 1.000 1.000","1.000 1.000 1.000 1.000",True,False
"Blender Indoor Scene/对象113.002",0,"Material #80_24258_lilToon","Assets/SceneExport/MaterialsLilToon/Material #80_24258_lilToon.mat","Universal Render Pipeline/Lit","Assets/SceneExport/Textures/072_贴图 _58_82f5ea1501.jpg","0.588 0.588 0.588 1.000","0.588 0.588 0.588 1.000",False,True
"Blender Indoor Scene/对象114",0,"材质.034_23924_lilToon","Assets/SceneExport/MaterialsLilToon/材质.034_23924_lilToon.mat","Universal Render Pipeline/Lit","","0.281 0.456 0.326 1.000","0.281 0.456 0.326 1.000",False,False
"Blender Indoor Scene/对象115",0,"Material #32_24120_lilToon","Assets/SceneExport/MaterialsLilToon/Material #32_24120_lilToon.mat","Universal Render Pipeline/Lit","Assets/SceneExport/Textures/090_贴图 _8_76a75f5c70.jpg","0.588 0.588 0.588 1.000","0.588 0.588 0.588 1.000",False,True
"Blender Indoor Scene/对象116",0,"Material #33_24256_lilToon","Assets/SceneExport/MaterialsLilToon/Material #33_24256_lilToon.mat","Universal Render Pipeline/Lit","Assets/SceneExport/Textures/091_贴图 _9_686a136b22.jpg","0.588 0.588 0.588 1.000","0.588 0.588 0.588 1.000",False,True
"Blender Indoor Scene/对象118",0,"Material #38_24036_lilToon","Assets/SceneExport/MaterialsLilToon/Material #38_24036_lilToon.mat","Universal Render Pipeline/Lit","Assets/SceneExport/Textures/053_贴图 _14_90bfdaaa22.jpg","0.588 0.588 0.588 1.000","0.588 0.588 0.588 1.000",False,True
"Blender Indoor Scene/对象119",0,"Material #45_23922_lilToon","Assets/SceneExport/MaterialsLilToon/Material #45_23922_lilToon.mat","Universal Render Pipeline/Lit","Assets/SceneExport/Textures/056_贴图 _22_3df9a42e70.png","0.588 0.588 0.588 1.000","0.588 0.588 0.588 1.000",False,True
"Blender Indoor Scene/对象121",0,"材质.034_23924_lilToon","Assets/SceneExport/MaterialsLilToon/材质.034_23924_lilToon.mat","Universal Render Pipeline/Lit","","0.281 0.456 0.326 1.000","0.281 0.456 0.326 1.000",False,False
"Blender Indoor Scene/对象122",0,"Material #45_23922_lilToon","Assets/SceneExport/MaterialsLilToon/Material #45_23922_lilToon.mat","Universal Render Pipeline/Lit","Assets/SceneExport/Textures/056_贴图 _22_3df9a42e70.png","0.588 0.588 0.588 1.000","0.588 0.588 0.588 1.000",False,True
"Blender Indoor Scene/对象123",0,"Material #45_23922_lilToon","Assets/SceneExport/MaterialsLilToon/Material #45_23922_lilToon.mat","Universal Render Pipeline/Lit","Assets/SceneExport/Textures/056_贴图 _22_3df9a42e70.png","0.588 0.588 0.588 1.000","0.588 0.588 0.588 1.000",False,True
"Blender Indoor Scene/对象124",0,"肌理_黑_23738_lilToon","Assets/SceneExport/MaterialsLilToon/肌理_黑_23738_lilToon.mat","Universal Render Pipeline/Lit","","0.050 0.104 0.359 1.000","0.050 0.104 0.359 1.000",False,False
"Blender Indoor Scene/对象125",0,"材质.012_23802_lilToon","Assets/SceneExport/MaterialsLilToon/材质.012_23802_lilToon.mat","Universal Render Pipeline/Lit","","0.254 0.245 0.356 1.000","0.254 0.245 0.356 1.000",False,False
"Blender Indoor Scene/对象126",0,"Blue_23772_lilToon","Assets/SceneExport/MaterialsLilToon/Blue_23772_lilToon.mat","Universal Render Pipeline/Lit","","0.075 0.479 0.940 1.000","0.075 0.479 0.940 1.000",False,False
"Blender Indoor Scene/对象126.001",0,"材质.037_24164_lilToon","Assets/SceneExport/MaterialsLilToon/材质.037_24164_lilToon.mat","Universal Render Pipeline/Lit","","0.800 0.067 0.008 1.000","0.800 0.067 0.008 1.000",False,False
"Blender Indoor Scene/对象127",0,"Material #69_24214_lilToon","Assets/SceneExport/MaterialsLilToon/Material #69_24214_lilToon.mat","Universal Render Pipeline/Lit","Assets/SceneExport/Textures/063_贴图 _47_a7db654950.jpg","0.588 0.588 0.588 1.000","0.588 0.588 0.588 1.000",False,True
"Blender Indoor Scene/对象128",0,"Material #75_24136_lilToon","Assets/SceneExport/MaterialsLilToon/Material #75_24136_lilToon.mat","Universal Render Pipeline/Lit","Assets/SceneExport/Textures/068_贴图 _53_34c8749b58.jpg","0.588 0.588 0.588 1.000","0.588 0.588 0.588 1.000",False,True
"Blender Indoor Scene/对象129",0,"Material #76_24280_lilToon","Assets/SceneExport/MaterialsLilToon/Material #76_24280_lilToon.mat","Universal Render Pipeline/Lit","Assets/SceneExport/Textures/069_贴图 _54_bae3f822a5.jpg","0.588 0.588 0.588 1.000","0.588 0.588 0.588 1.000",False,True
"Blender Indoor Scene/对象130",0,"Material #90_24390_lilToon","Assets/SceneExport/MaterialsLilToon/Material #90_24390_lilToon.mat","Universal Render Pipeline/Lit","Assets/SceneExport/Textures/087_贴图 _75_4b824ef10e.jpg","0.588 0.588 0.588 1.000","0.588 0.588 0.588 1.000",False,True
"Blender Indoor Scene/对象131",0,"Material #88_23980_lilToon","Assets/SceneExport/MaterialsLilToon/Material #88_23980_lilToon.mat","Universal Render Pipeline/Lit","Assets/SceneExport/Textures/084_贴图 _73_ffd87f2604.jpg","0.588 0.588 0.588 1.000","0.588 0.588 0.588 1.000",False,True
"Blender Indoor Scene/对象132",0,"Material #87_23848_lilToon","Assets/SceneExport/MaterialsLilToon/Material #87_23848_lilToon.mat","Universal Render Pipeline/Lit","Assets/SceneExport/Textures/082_贴图 _72_8e8db851d1.png","0.588 0.588 0.588 1.000","0.588 0.588 0.588 1.000",False,True
"Blender Indoor Scene/对象133",0,"Material #89_24234_lilToon","Assets/SceneExport/MaterialsLilToon/Material #89_24234_lilToon.mat","Universal Render Pipeline/Lit","Assets/SceneExport/Textures/085_贴图 _74_7dca0a8ee8.png","0.588 0.588 0.588 1.000","0.588 0.588 0.588 1.000",False,True
"Blender Indoor Scene/对象134",0,"Material #86_23978_lilToon","Assets/SceneExport/MaterialsLilToon/Material #86_23978_lilToon.mat","Universal Render Pipeline/Lit","Assets/SceneExport/Textures/081_贴图 _71_a489611e87.jpg","0.588 0.588 0.588 1.000","0.588 0.588 0.588 1.000",False,True
"Blender Indoor Scene/对象135",0,"Material #85_23840_lilToon","Assets/SceneExport/MaterialsLilToon/Material #85_23840_lilToon.mat","Universal Render Pipeline/Lit","Assets/SceneExport/Textures/079_贴图 _70_05ff985473.png","0.588 0.588 0.588 1.000","0.588 0.588 0.588 1.000",False,True
"Blender Indoor Scene/对象137",0,"Material #45_23922_lilToon","Assets/SceneExport/MaterialsLilToon/Material #45_23922_lilToon.mat","Universal Render Pipeline/Lit","Assets/SceneExport/Textures/056_贴图 _22_3df9a42e70.png","0.588 0.588 0.588 1.000","0.588 0.588 0.588 1.000",False,True
"Blender Indoor Scene/对象138",0,"Material #45_23922_lilToon","Assets/SceneExport/MaterialsLilToon/Material #45_23922_lilToon.mat","Universal Render Pipeline/Lit","Assets/SceneExport/Textures/056_贴图 _22_3df9a42e70.png","0.588 0.588 0.588 1.000","0.588 0.588 0.588 1.000",False,True
"Blender Indoor Scene/对象139",0,"材质.017_24020_lilToon","Assets/SceneExport/MaterialsLilToon/材质.017_24020_lilToon.mat","Universal Render Pipeline/Lit","","0.800 0.312 0.323 1.000","0.800 0.312 0.323 1.000",False,False
"Blender Indoor Scene/对象140",0,"肌理_黑_23738_lilToon","Assets/SceneExport/MaterialsLilToon/肌理_黑_23738_lilToon.mat","Universal Render Pipeline/Lit","","0.050 0.104 0.359 1.000","0.050 0.104 0.359 1.000",False,False
"Blender Indoor Scene/对象144",0,"Material #36_23784_lilToon","Assets/SceneExport/MaterialsLilToon/Material #36_23784_lilToon.mat","Universal Render Pipeline/Lit","Assets/SceneExport/Textures/051_贴图 _12_e4c1c2a8a8.jpg","0.588 0.588 0.588 1.000","0.588 0.588 0.588 1.000",False,True
"Blender Indoor Scene/对象145",0,"材质.019_23956_lilToon","Assets/SceneExport/MaterialsLilToon/材质.019_23956_lilToon.mat","Universal Render Pipeline/Lit","","0.194 0.087 0.008 1.000","0.194 0.087 0.008 1.000",False,False
"Blender Indoor Scene/对象145.001",0,"材质.019_23956_lilToon","Assets/SceneExport/MaterialsLilToon/材质.019_23956_lilToon.mat","Universal Render Pipeline/Lit","","0.194 0.087 0.008 1.000","0.194 0.087 0.008 1.000",False,False
"Blender Indoor Scene/对象146",0,"材质.020_23732_lilToon","Assets/SceneExport/MaterialsLilToon/材质.020_23732_lilToon.mat","Universal Render Pipeline/Lit","","0.488 0.352 0.219 1.000","0.488 0.352 0.219 1.000",False,False
"Blender Indoor Scene/对象146.001",0,"材质.020_23732_lilToon","Assets/SceneExport/MaterialsLilToon/材质.020_23732_lilToon.mat","Universal Render Pipeline/Lit","","0.488 0.352 0.219 1.000","0.488 0.352 0.219 1.000",False,False
"Blender Indoor Scene/对象147",0,"材质.022_23726_lilToon","Assets/SceneExport/MaterialsLilToon/材质.022_23726_lilToon.mat","Universal Render Pipeline/Lit","","0.800 0.800 0.800 1.000","0.800 0.800 0.800 1.000",False,False
"Blender Indoor Scene/对象147.001",0,"材质.022_23726_lilToon","Assets/SceneExport/MaterialsLilToon/材质.022_23726_lilToon.mat","Universal Render Pipeline/Lit","","0.800 0.800 0.800 1.000","0.800 0.800 0.800 1.000",False,False
"Blender Indoor Scene/对象148",0,"材质.019_23956_lilToon","Assets/SceneExport/MaterialsLilToon/材质.019_23956_lilToon.mat","Universal Render Pipeline/Lit","","0.194 0.087 0.008 1.000","0.194 0.087 0.008 1.000",False,False
"Blender Indoor Scene/对象148.001",0,"材质.019_23956_lilToon","Assets/SceneExport/MaterialsLilToon/材质.019_23956_lilToon.mat","Universal Render Pipeline/Lit","","0.194 0.087 0.008 1.000","0.194 0.087 0.008 1.000",False,False
"Blender Indoor Scene/对象149",0,"材质.019_23956_lilToon","Assets/SceneExport/MaterialsLilToon/材质.019_23956_lilToon.mat","Universal Render Pipeline/Lit","","0.194 0.087 0.008 1.000","0.194 0.087 0.008 1.000",False,False
"Blender Indoor Scene/对象149.001",0,"材质.019_23956_lilToon","Assets/SceneExport/MaterialsLilToon/材质.019_23956_lilToon.mat","Universal Render Pipeline/Lit","","0.194 0.087 0.008 1.000","0.194 0.087 0.008 1.000",False,False
"Blender Indoor Scene/对象150",0,"材质.020_23732_lilToon","Assets/SceneExport/MaterialsLilToon/材质.020_23732_lilToon.mat","Universal Render Pipeline/Lit","","0.488 0.352 0.219 1.000","0.488 0.352 0.219 1.000",False,False
"Blender Indoor Scene/对象150.001",0,"材质.020_23732_lilToon","Assets/SceneExport/MaterialsLilToon/材质.020_23732_lilToon.mat","Universal Render Pipeline/Lit","","0.488 0.352 0.219 1.000","0.488 0.352 0.219 1.000",False,False
"Blender Indoor Scene/对象151",0,"材质.020_23732_lilToon","Assets/SceneExport/MaterialsLilToon/材质.020_23732_lilToon.mat","Universal Render Pipeline/Lit","","0.488 0.352 0.219 1.000","0.488 0.352 0.219 1.000",False,False
"Blender Indoor Scene/对象151.001",0,"材质.020_23732_lilToon","Assets/SceneExport/MaterialsLilToon/材质.020_23732_lilToon.mat","Universal Render Pipeline/Lit","","0.488 0.352 0.219 1.000","0.488 0.352 0.219 1.000",False,False
"Blender Indoor Scene/平面",0,"平面_Visible","Assets/SceneExport/Materials/平面_Visible.mat","Universal Render Pipeline/Unlit","Assets/SceneExport/Textures/024_921daa9462033c0f23d62ee1e903ca2bed0029b2843d0-rJCB3b_fw1200_004fbc2914.jpg","1.000 1.000 1.000 1.000","1.000 1.000 1.000 1.000",False,True
"Blender Indoor Scene/平面.001",0,"平面.001_Visible","Assets/SceneExport/Materials/平面.001_Visible.mat","Universal Render Pipeline/Lit","Assets/SceneExport/Textures/024_921daa9462033c0f23d62ee1e903ca2bed0029b2843d0-rJCB3b_fw1200_004fbc2914.jpg","1.000 1.000 1.000 1.000","1.000 1.000 1.000 1.000",False,True
"Blender Indoor Scene/立方体",0,"材质.014_24104_lilToon","Assets/SceneExport/MaterialsLilToon/材质.014_24104_lilToon.mat","Universal Render Pipeline/Lit","","0.800 0.800 0.800 1.000","0.800 0.800 0.800 1.000",False,False
"Blender Indoor Scene/立方体.002",0,"No Name_23824_lilToon","Assets/SceneExport/MaterialsLilToon/No Name_23824_lilToon.mat","Universal Render Pipeline/Lit","","1.000 1.000 1.000 1.000","1.000 1.000 1.000 1.000",True,False
"Blender Indoor Scene/组004/mesh0",0,"Facial_24406_lilToon","Assets/SceneExport/MaterialsLilToon/Facial_24406_lilToon.mat","Universal Render Pipeline/Lit","Assets/SceneExport/Textures/034_Diffuse Texture_c6b1801bf9.jpg","0.800 0.800 0.800 1.000","0.800 0.800 0.800 1.000",False,True
"Blender Indoor Scene/组004/mesh0.001",0,"jacket_24434_lilToon","Assets/SceneExport/MaterialsLilToon/jacket_24434_lilToon.mat","Universal Render Pipeline/Lit","Assets/SceneExport/Textures/040_mat3_c_7b13e1f4a5.jpg","0.800 0.800 0.800 1.000","0.800 0.800 0.800 1.000",False,True
"Blender Indoor Scene/组004/mesh0.002",0,"jacket_torn_24438_lilToon","Assets/SceneExport/MaterialsLilToon/jacket_torn_24438_lilToon.mat","Universal Render Pipeline/Lit","Assets/SceneExport/Textures/035_Diffuse Texture_2c2e08f990.jpg","0.800 0.800 0.800 1.000","0.800 0.800 0.800 1.000",False,True
"Blender Indoor Scene/组004/mesh0.003",0,"Skin_24440_lilToon","Assets/SceneExport/MaterialsLilToon/Skin_24440_lilToon.mat","Universal Render Pipeline/Lit","Assets/SceneExport/Textures/038_mat0_c_cb453112b7.jpg","0.800 0.800 0.800 1.000","0.800 0.800 0.800 1.000",False,True
"Blender Indoor Scene/组004/mesh0.004",0,"Hair_24416_lilToon","Assets/SceneExport/MaterialsLilToon/Hair_24416_lilToon.mat","Universal Render Pipeline/Lit","Assets/SceneExport/Textures/039_mat1_c_c56f44fd44.jpg","0.800 0.800 0.800 1.000","0.800 0.800 0.800 1.000",False,True
"Blender Indoor Scene/组005/000-0-0",0,"Material #27_24436_lilToon","Assets/SceneExport/MaterialsLilToon/Material #27_24436_lilToon.mat","Universal Render Pipeline/Lit","Assets/SceneExport/Textures/028_base.tga_6917dd332e.png","0.588 0.588 0.588 1.000","0.588 0.588 0.588 1.000",False,True
"Blender Indoor Scene/组005/004-0-4",0,"Material #26.001_24446_lilToon","Assets/SceneExport/MaterialsLilToon/Material #26.001_24446_lilToon.mat","Universal Render Pipeline/Lit","Assets/SceneExport/Textures/036_face9_b5c3d5f162.png","0.588 0.588 0.588 1.000","0.588 0.588 0.588 1.000",False,True
"Blender Indoor Scene/组005/Box107",0,"材质.012_23802_lilToon","Assets/SceneExport/MaterialsLilToon/材质.012_23802_lilToon.mat","Universal Render Pipeline/Lit","","0.254 0.245 0.356 1.000","0.254 0.245 0.356 1.000",False,False
"Blender Indoor Scene/高精度-游戏机-模型\Controller001",0,"材质.033_23986_lilToon","Assets/SceneExport/MaterialsLilToon/材质.033_23986_lilToon.mat","Universal Render Pipeline/Lit","","0.800 0.109 0.047 1.000","0.800 0.109 0.047 1.000",False,False
"Window Realtime Projection/Window Shadow Caster - bottom side",0,"Window_Realtime_ShadowCaster","Assets/SceneExport/Materials/Window_Realtime_ShadowCaster.mat","Universal Render Pipeline/Lit","","0.000 0.000 0.000 1.000","0.000 0.000 0.000 1.000",False,False
"Window Realtime Projection/Window Shadow Caster - center horizontal",0,"Window_Realtime_ShadowCaster","Assets/SceneExport/Materials/Window_Realtime_ShadowCaster.mat","Universal Render Pipeline/Lit","","0.000 0.000 0.000 1.000","0.000 0.000 0.000 1.000",False,False
"Window Realtime Projection/Window Shadow Caster - center vertical",0,"Window_Realtime_ShadowCaster","Assets/SceneExport/Materials/Window_Realtime_ShadowCaster.mat","Universal Render Pipeline/Lit","","0.000 0.000 0.000 1.000","0.000 0.000 0.000 1.000",False,False
"Window Realtime Projection/Window Shadow Caster - left side",0,"Window_Realtime_ShadowCaster","Assets/SceneExport/Materials/Window_Realtime_ShadowCaster.mat","Universal Render Pipeline/Lit","","0.000 0.000 0.000 1.000","0.000 0.000 0.000 1.000",False,False
"Window Realtime Projection/Window Shadow Caster - right side",0,"Window_Realtime_ShadowCaster","Assets/SceneExport/Materials/Window_Realtime_ShadowCaster.mat","Universal Render Pipeline/Lit","","0.000 0.000 0.000 1.000","0.000 0.000 0.000 1.000",False,False
"Window Realtime Projection/Window Shadow Caster - top side",0,"Window_Realtime_ShadowCaster","Assets/SceneExport/Materials/Window_Realtime_ShadowCaster.mat","Universal Render Pipeline/Lit","","0.000 0.000 0.000 1.000","0.000 0.000 0.000 1.000",False,False
